Year,ACCESS-CM2,ACCESS-ESM1-5,AWI-CM-1-1-MR,BCC-CSM2-MR,BCC-ESM1,CAMS-CSM1-0,CESM2,CESM2-FV2,CESM2-WACCM,CESM2-WACCM-FV2,CMCC-CM2-SR5,CMCC-ESM2,CNRM-CM6-1,CNRM-CM6-1-HR,CanESM5,E3SM-1-0,EC-Earth3,EC-Earth3-AerChem,EC-Earth3-CC,EC-Earth3-Veg,FGOALS-f3-L,FGOALS-g3,GFDL-CM4,GFDL-ESM4,GISS-E2-1-G,GISS-E2-1-H,GISS-E2-2-G,GISS-E2-2-H,HadGEM3-GC31-LL,HadGEM3-GC31-MM,ICON-ESM-LR,IITM-ESM,INM-CM4-8,INM-CM5-0,IPSL-CM5A2-INCA,IPSL-CM6A-LR,KIOST-ESM,MIROC-ES2L,MIROC6,MPI-ESM-1-2-HAM,MPI-ESM1-2-HR,MPI-ESM1-2-LR,MRI-ESM2-0,NESM3,NorCPM1,NorESM2-LM,NorESM2-MM,SAM0-UNICON,TaiESM1,UKESM1-0-LL
2015,1.9129799404949537,2.259260200547428,2.8076563757442714,2.217748485716373,,3.0127611751880004,0.9788293355467138,,2.20459570026467,,2.0340947752610896,3.064264945691371,1.507785091497492,1.2898585371719131,2.211774333291024,,2.270250095104247,,2.5373393187902136,2.2216905525833948,2.9682631255560517,2.6686825144545954,1.8108404999907861,2.9861494294677025,2.2651809753980148,2.0460127320455,,,1.6398598092932886,,,3.675180510038564,2.8546382513117545,2.497392717958279,,3.1708395968233494,1.8551853718300642,2.3368884507367635,1.9485701283552759,,2.6248469325924635,2.936238468520439,1.7681627128469064,2.784756968148324,,1.863810579878468,1.8258932491051194,,1.6008966881191655,1.9723007678260496
2016,2.355477303664505,2.3077940241864727,2.731712881438145,3.1663919834775465,,2.3589170079320843,0.8806247177346607,,1.7183861571855723,,0.5811478266893899,2.867072235345142,1.7219281876615635,1.529325001452061,2.231289800298405,,2.3254782911459944,,1.211976323966835,2.275261908305185,2.493330013662621,2.5886866825998998,1.665169001686971,2.98673549093006,2.1799827168048265,2.385709986213519,,,1.8906334849286321,,,2.7925520846050222,2.7177099926105344,1.8450346455815259,,2.917223270417321,2.4522607697022534,2.389821442540888,1.9355530275494397,,2.2954306409560523,2.946125607195554,1.8742251192844634,2.504876048211898,,2.281069117162128,2.7241959190502683,,2.0411350470873417,2.02706144140193
2017,2.2841653468869927,2.294005961651731,2.1504835357810106,1.7853127186656783,,2.844655772268581,1.4015662572410872,,1.612916989073606,,0.07192255858170782,1.931151388320041,1.6177758514433709,1.82202150413982,2.423937000293641,,2.2628576258023014,,2.112164348892234,2.4317669406016877,3.2769767981374143,2.59605295718366,3.286614728844122,2.264162400533812,2.4721662031797917,2.6124066643597255,,,1.948117120918226,,,3.5453461025447925,2.49815808345399,1.9981247353398328,,2.967416301946332,1.9508303606978536,2.4099416360589605,1.9919074791554952,,2.7698881727011093,2.956645436519991,2.117841285230805,3.0101542907843486,,2.3706970104125826,2.9393924329091563,,0.965176726515566,2.156726102721637
2018,2.047943731800564,2.5133820069619865,2.9779306419888254,2.505084021560927,,2.7078461355181247,1.5192733200104822,,2.190040182139396,,1.5611851407074282,0.977999825624013,1.7841696363264397,1.4458512506894563,2.336818982283178,,2.341956293294814,,2.7729392663106966,2.658359929338733,3.437376035446301,2.86202523799392,3.0426985154605686,2.4534362696107603,2.7064496342348647,2.1968922059768565,,,1.747360704101942,,,3.727319163346311,3.042748273334772,2.522128372828349,,3.2315304709216974,2.9487028448912267,2.6755152962011164,2.1722375409714667,,2.925050555035473,3.0492192215617773,2.109072154682875,3.272469185841139,,2.9029290292607874,2.7542412664541636,,2.115556050200426,2.1281362266046715
2019,2.221660532135152,2.4973560875906435,2.3909486007793594,2.596105887100828,,2.73559726506835,1.153054315904254,,2.299794204486142,,3.073336340831381,2.596486603411317,2.0442203679560604,1.7746056077089831,2.4546279981929295,,2.553935722239156,,2.828960901977674,2.3635455131572405,2.8729479887222413,2.5008788863528206,3.126845378997995,0.7808329561416667,2.6316022663979504,2.3217363226104504,,,2.2357532700111533,,,2.4673918043845444,3.241281536418983,2.4044520504460425,,2.907482221648529,2.0390816801146805,2.761476677341689,2.1671610169528246,,2.6679394737598905,3.1287752311718107,2.1487266652743093,2.98232765959591,,2.5750491671355564,2.635646507203846,,2.5677525336025244,2.1622467732318014
2020,2.2740490200830394,2.6033139867509307,3.331651466633381,3.2313303275381733,,2.6977779281226306,1.846617255740519,,2.343477780910865,,2.562417175829553,2.8012523650487973,1.9346715693499754,1.5064535332793212,2.5683843986307533,,2.604745940896858,,2.126322196467336,2.4815839456092803,3.074435921907908,2.639604487829964,2.8146730266332654,2.7351850299022877,2.62951682045585,2.6355035238875857,,,2.1162817296458014,,,3.910050016421504,3.6280274324695694,2.836644433269552,,3.1899121479399715,3.6241861584203656,2.745122779080632,2.4097513958573296,,2.616502817678778,3.220084239651594,2.1421238135295413,3.1694910126873066,,2.637165268859653,2.1720265706199973,,2.523774937997416,2.3317617002495545
2021,2.557079093551745,2.7330422947271913,2.7641652019054472,2.70056226452862,,2.8590832166174818,1.8779463741546223,,2.4156418988828,,2.9181838367691086,2.7750828985227773,1.868552980940157,1.8721637391971808,2.5967048969479816,,2.6680439735166614,,2.124204660404379,2.778776996492862,3.8728056782367375,2.743782991525223,3.307220962121636,3.744083965703047,2.7034397560707424,2.75486206143254,,,2.1774610696640058,,,3.4697096945197727,2.937272688502772,2.603015257888913,,3.2844052354248374,2.5360089797685896,2.790397292639028,2.3163662375009872,,2.9733204123536776,3.1373987156500203,2.493846405763713,2.9563855560841796,,2.8697446647078757,2.475988702241396,,2.1440599658480783,2.476592935103974
2022,2.642868774315672,2.8130983489026553,2.7935104895714407,2.3948862798864448,,2.7266571805205766,2.3312286753237794,,2.2645243556760533,,1.636556421168547,2.1511913494438972,2.071968240397617,1.9653063979046232,2.6907075440848915,,2.696806741658087,,3.2937774128404023,2.8896156501985297,3.072114073025125,2.4855874183015403,2.8954945708790394,2.9283007407904065,2.7051897429090466,2.7640353528520265,,,2.108246358052729,,,2.9696560237156384,3.4704872509803564,2.7641082508858177,,3.3792467407715816,2.0949462569418817,3.1013363333151114,2.553805525081379,,2.7099066036105635,3.3463472170521045,2.4034946960675336,2.91298545970853,,2.8567000806924763,3.1062775045185473,,2.647249739933081,2.5005510299262927
2023,2.7724617890455177,2.910639123797101,2.1443870621794963,3.023211987446285,,2.9662333618846946,2.258980433745931,,2.642726371921917,,2.208698214409842,2.2841801544127938,2.3332960395554476,2.120230382496408,2.7043891697581763,,2.764054466622896,,3.1207753065746724,2.9501453671956543,2.7305662781876445,2.914865546740597,2.875424977683112,2.74736716762396,2.9259310523915896,2.8577400097800627,,,2.3373342115294795,,,5.0363557484537695,3.927668041270672,2.841449730353997,,3.6027309080402588,3.534779029339364,2.9843366191555716,2.649244842147107,,3.009638424744279,3.492926326917938,2.6638975899451967,3.2528757783714344,,3.090905460799767,3.1680621739576673,,2.941064956394423,2.662657264669313
2024,2.591362873083919,3.0429796535879774,3.2850840179980403,2.3640976115225696,,2.6710824348228237,1.223675421920686,,2.6218151517171697,,2.4404680190259294,3.337141262810372,2.3357149989283577,1.9373754567775552,2.767688756868208,,2.903742283956741,,1.7846178572288032,2.972822237087452,4.180782980196557,2.8360013176855086,3.206289449111408,2.1018550784676333,3.2426179783036613,2.948680665874092,,,2.3457963979156906,,,4.381406269309773,3.6557361524166168,2.757323271247745,,3.8988040962465873,2.223984590850459,3.038155018867883,2.494650460339272,,2.632013651887637,3.573195351509715,2.476005422239994,3.1929781306885965,,3.024677099263788,1.8547553730270694,,2.6086916478256152,2.5619482098810895
2025,2.7951296602085245,3.049176234705828,3.3686528801541846,3.536108657196434,,2.6890524152376925,2.291116924127232,,2.586086683617906,,2.767034467266984,3.2104467237137806,2.0660508384697156,1.9020279390773909,2.717833756128105,,2.8635853886173233,,3.2100125532177763,2.912173293941302,3.3989675928763448,3.120924517291931,3.569255979409826,2.95154067020746,2.9452606726305506,2.8490827034682513,,,2.467932360401984,,,4.684750524803418,3.491122562047312,2.453189668754915,,3.4072994684069773,3.2031401048844503,3.032120320036402,2.534540372171029,,2.2260133049738466,3.4903899076871236,2.791874932682483,2.782093934843777,,3.16610497086145,4.103240280967911,,2.5955921746953186,2.530481025015946
2026,2.842478514796885,3.0584384743167874,2.8249998092548885,3.1512103804377856,,2.7591856562606383,2.6635302901816886,,2.715526409957428,,2.9765288553257965,2.52348071371852,2.254967893436358,2.367593683689975,2.8579035739692995,,2.8829536933850983,,4.084209936605377,3.0345227162483805,2.658193951323228,3.116636092558513,2.7306205008275057,2.1966141625841504,2.9165922238840456,3.0917914858172693,,,2.3661462341292308,,,3.1255771245334043,3.2899989345556517,3.2862350279078525,,3.5117731383228503,3.287851440677985,3.0986726680916665,2.5504776976714267,,2.9047664241540962,3.5664872303833572,2.635132709329786,3.0735946111480463,,2.739134275768867,3.802017592114521,,2.956299491151777,2.6386975554365137
2027,2.7225472846632934,3.0459189419319386,3.3915631918743125,2.7546601293196513,,3.335542648569411,1.8816614459884164,,2.714952616173263,,2.850380985355844,1.863490043906157,2.354245280135528,2.1819371287779634,2.8432493130783634,,2.862018423043279,,2.6420395370108296,3.0408934289461387,3.77206297334406,2.8711322901163085,2.8497935076772682,2.3381407368299203,3.0065385530746567,3.213542503080545,,,2.5131276281254915,,,4.024641665165826,3.4011572966162302,3.2529906647450386,,3.7396863598775734,2.6925095667869927,3.131916483363181,2.7353609787561286,,3.0477297764362152,3.541901337650375,2.5866426748228326,3.2095575395172213,,2.8501319406039545,3.0292618932189845,,2.4405953950210693,2.8235955618465045
2028,2.927978447747375,3.1244562287104722,2.9857761895293824,2.756847634843191,,2.6067961646206705,1.832636038030267,,2.7188912020003824,,2.1181742697955417,3.6444866496476656,2.1455396834600164,2.29099891394622,2.837238641248655,,2.9021402596935366,,1.997763754935808,3.1260844419092617,3.5193413037752443,2.9583053614894093,2.7798956054324755,2.5245857695941867,3.2697788423801972,3.171147059798643,,,2.4560073469268904,,,4.232930196203633,3.3167886354597647,3.070804398005192,,3.803118889804439,2.922734766120252,3.174948878579268,2.715407829940469,,3.392830589757496,3.6499826602636625,2.8887277355263454,3.1955076066860837,,3.0438256463935827,3.2781852446199427,,3.208787741197676,2.8450738206905735
2029,2.973426752349865,3.1947338885758105,3.3202979816842118,3.669888343175604,,2.3017518440330695,3.111388777940429,,2.9583155526399367,,2.6535958061437466,4.2687072734034235,2.4015697926029023,1.9363866206411815,2.874397459407435,,2.8978954390667715,,3.6784778317443454,3.1856842389951128,3.0021648898524713,2.9103275628661187,3.1291369970016545,3.2736460449561835,3.098600891317757,3.2571515905587276,,,2.6033792916041354,,,4.426014455256227,3.555920635862539,3.487577350391542,,3.7033692035270325,3.30334795812131,3.2161042016051558,2.6457996671767656,,2.9712532982227144,3.620162259176662,2.4710693487002624,3.4937152986945215,,2.9827234775778253,3.7486279026702487,,3.3596111555103514,2.865214818273698
2030,2.8856248318079993,3.2009751542530376,3.3614574055286317,3.1233012400539497,,3.706571087231274,1.8937163352948307,,3.2159361801841335,,1.804118168676348,3.53620429360239,2.529291281176519,2.265972579517653,2.8150310645797174,,3.027442564206613,,4.050246719958258,3.01328259703728,3.871075027853977,3.1431864521002795,2.1518172781550033,2.2995360878434927,2.9890615261482814,3.081553982005525,,,2.564508093533107,,,3.884708274461506,3.510459352316977,3.165531896787348,,4.01225640705751,3.3472659507992715,3.298044214439752,2.758298933280043,,3.1040389960038515,3.6612175252723413,2.6577249360467983,3.8229820062005793,,2.9495043040413265,2.814949874964911,,2.3135888215550127,2.8654038340863326
2031,2.9269708643123225,3.3325595328411923,3.2142627269590607,2.7409374741721133,,3.449129274360951,2.5033975492590232,,3.0048922304674153,,3.2656987644945064,3.2090502133674192,2.175613259499527,2.1514104525682045,2.9091832572950085,,3.1577813890741493,,3.1300782646820497,3.1130337798482537,3.4596752585384967,2.9961037542844937,3.186338545241806,2.5908817018826245,3.157299603181459,2.9956358432975043,,,2.627722382904864,,,4.382358100823674,3.624782381742292,2.9544671179643616,,3.7988606758029446,2.8010082680006594,3.385463287517829,2.878128801210204,,3.091291702870264,3.653220618637975,3.162094693762632,3.8228256618756196,,3.8960700123384515,3.0501365912049243,,3.4239719873696304,2.99740654479665
2032,2.963655942711878,3.33731831805139,3.533666450003132,3.4285436173562918,,2.286833300249123,2.533746505671785,,2.6985238881746865,,3.14446941132118,1.9697225690964917,2.5938947065396047,2.645102536474692,2.9529318133941262,,3.076240245024682,,2.3865004975074595,3.3281434792133107,3.7620560280716586,2.942443696712436,2.4137060763906653,2.59741163915552,3.3551352296277384,3.198095544730305,,,2.634005028687585,,,3.360627584712332,3.2776871716828486,3.085808975548275,,3.9871981480666308,3.0624329755903554,3.4145070447258905,2.9200529352423086,,3.373067048876402,3.6655381735214574,2.831941801201555,3.4065880830221307,,3.712140710370904,4.031618487114127,,3.823708100704617,2.986647756863582
2033,3.4490482372573346,3.3826739299073787,2.8208694081544907,3.4013401088604245,,1.8281457642261747,2.8440787188246155,,3.0490537228495036,,3.0503104130605485,3.54585427873348,2.68142526031562,2.644493001598572,3.1620226460369514,,3.058001225438409,,3.873274427939903,3.511377486107028,3.0136854577646623,3.3241933658680405,3.915651858303444,3.0546988365360948,3.4820935234181536,3.36979302664255,,,2.6667219966792937,,,4.324421259627586,3.880784594389119,3.369854935054205,,3.8894836681464273,3.8963740559184608,3.3502957431511984,2.9620853113855397,,2.9664099946516824,3.8849792751026286,2.962520091644045,3.5287474952449065,,2.866502543776053,2.9521931299044777,,3.1481551210785885,3.0113582627999893
2034,3.3492616924893133,3.4153520992786937,4.055937756434844,3.7191308428936942,,1.534528208678743,2.4031449082752254,,3.433981933817006,,2.7768744921668675,4.272723909021319,2.775500359733623,2.6504247455980434,3.0619386875298975,,3.293497392133118,,3.916232880207007,3.398052717006749,3.656406439012225,2.950766865060338,3.758380619866392,3.1607122698426275,3.3586422979123505,3.3978756345712804,,,2.7885524228277303,,,4.808788106625427,3.9898106496368664,2.9238930099763234,,4.008628746413674,3.2857136098220168,3.499723117743074,2.961405792742815,,2.5703002782839084,3.821926508566934,3.350264845970475,3.9885908397009717,,3.5425341900161746,2.1400959056753885,,2.698661804909541,3.1567894839975383
2035,3.01833672016697,3.508572770836629,4.066812010715965,4.050852102244102,,3.5812776384382943,2.7711279873640517,,3.0379672527149983,,2.6981663773042595,4.280693066866497,2.8959334611680334,2.4820974528445334,3.0651170813694533,,3.3090406449189147,,3.042186737293517,3.630773281092183,4.3753610136170025,3.311819882411285,3.1516558789728637,3.274927170460048,3.5376858353275957,3.551298235649611,,,3.0052895011588263,,,3.9166729517322185,4.178691063482223,3.704146964726343,,4.065398926907515,3.4712873390286383,3.608987903130973,3.0684055682485365,,2.943547340227282,3.9362697870620584,3.141820246470098,4.3365152336971775,,3.7904940281856456,4.009578772278612,,3.8351213514066576,3.4231220152149637
2036,3.5436586800767103,3.7045348540040295,3.711324656484724,2.9373447098041003,,3.2207322266059846,2.9470066709052047,,2.9141110326982336,,2.900913435879355,4.019161523755294,2.7163499183041835,2.7749721084008425,3.254625413420655,,3.3476336112387752,,4.08042456133396,3.4552949651027625,3.6280257474337,3.6034663722689992,3.6155165769030666,3.6342634392606303,3.653918923511178,3.7534877179775776,,,2.895791420605171,,,4.93313439281656,4.3467299650485645,3.424580445951084,,4.381087895031875,2.5989617998978387,3.717535679963167,3.2261111297544174,,3.477633375052108,4.12956610745592,3.152525399353851,3.736725525858578,,4.323283859453272,4.758082174165239,,3.715596666757732,3.3563528657157224
2037,3.7297685837110874,3.724085964649565,3.843771766646028,3.5646099577061654,,3.638346695128582,3.3954276971137936,,3.614793924949295,,2.1713132464611493,3.2414711809868644,3.078755839419189,2.771140356797809,3.2246976057333843,,3.4115708445496282,,3.598210579380651,3.4295643238229703,3.349653422878649,3.19735213399395,3.616160544621601,3.099982770954657,3.6090499081081746,3.6800746744348656,,,3.0002558803628903,,,4.46147494246366,4.312157742360297,3.6051390162550114,,4.095974697253386,3.2517694319636097,3.764700242516006,3.153218004558284,,3.569277460968117,4.117732600306323,3.0937575838700284,3.817178844196179,,4.573079338580249,4.037312904749095,,3.4922477434164048,3.3693362071018136
2038,3.5391860499806063,3.7215078855920183,4.2089992395294145,3.591853462957338,,2.337627296095625,2.906560897220714,,3.589623316055009,,3.1665233654577625,3.972058817608813,2.746743014946494,3.101200243318715,3.2348612610783665,,3.376108428596047,,3.96697724036986,3.827663016130562,4.736132264815521,3.413988097299613,3.4588420102273383,2.7473694336578105,3.6066940299938115,3.6150579362666937,,,3.014285302598797,,,4.641753075443359,3.9725835874498703,3.1214125059240856,,4.313046739459569,2.9643067105007304,3.633469076461543,3.1068160213404665,,3.2826369569609337,4.214202920919423,3.1986067901445976,3.8226404158139227,,4.075408718391781,3.0785007656088257,,3.604283869294605,3.417518435228634
2039,3.7685545970620824,3.7728275386127157,3.249051992931128,3.3838513718209517,,3.084221346091002,3.156788058055064,,3.5682360789536944,,3.762261360047933,4.534465471029845,2.9490155387900523,2.338758240726566,3.3639014448265083,,3.4820612911245665,,3.928510509799517,3.614682497380203,3.7440537244420997,3.484132178300622,3.2581036369997785,2.893031473477208,3.6904368207992397,3.67463860788468,,,3.167407352705168,,,4.398670559917188,4.442846016253734,3.1451749825261484,,4.239253041123162,3.2311842391398624,3.846719145169536,3.152135938434234,,3.341207483025844,4.185538357971966,3.3400403310927915,3.887539355063336,,3.415101682859565,3.5136228470014523,,4.1826679388604555,3.646284289145777
2040,3.5460253383165865,3.8626472297855527,3.891200902552665,3.383950030310241,,3.518771518186928,2.9747010876088837,,2.914502113353657,,3.4237575522835617,3.4106837868037987,2.9054931984333123,2.9913663512777187,3.31375188540747,,3.5807931649455336,,3.4513136752566766,3.5583549828002123,3.4598126588690072,3.3982190687552736,4.173921278196989,3.5184137049631343,3.732437520169631,3.8373275792359403,,,3.079963208384139,,,4.943357527215241,5.069354364292792,3.5249701428829967,,4.246797207379742,3.4494616821239266,3.9692261387559062,3.3793160657925547,,3.909767386703415,4.158221535134953,3.3872953645643973,4.034633713101082,,3.635509338817317,4.5962575480332735,,4.208579761268129,3.638214294435253
2041,3.8184964650822666,3.7676719932452087,3.8487367596438067,3.2527319018235543,,3.8969482243574194,2.9514819724993853,,3.7482678300130146,,3.8034302672190448,3.375029636283044,3.033000599168608,3.029977890149658,3.2908184155379048,,3.563510152572046,,3.9703211794740088,3.7350913841070756,3.9402434850994856,3.362883602109928,2.8274322858144987,2.4534232498406663,3.780625742829306,3.660986833056589,,,3.2366443518834176,,,4.9452724595124815,4.226501153758179,2.814008695569625,,4.349089993501457,3.0114708939542933,3.905803150465003,3.388237570955707,,3.624861815119342,4.154427653485784,3.280373434686575,4.115405709072689,,4.135184608578644,5.069340317023403,,3.261366153470082,3.5606623869866088
2042,3.8574161974623764,3.8836343824154382,3.0857321803244613,3.6796368710394782,,3.310395798034163,3.527257836949906,,4.07624768772785,,3.772981283901433,2.9558611783408977,2.8332852392470147,2.8444773588000065,3.397699668915712,,3.5945924937743343,,4.059682781989627,4.049260794287949,3.924458383328417,3.458518455127217,4.295142281555056,3.8172816196310686,3.7966899513829424,4.004700713565241,,,3.391351066765897,,,5.348472727464454,4.213378219707424,3.2367197108941674,,4.568494805549532,2.8569751175945224,3.7883698736414853,3.4429428605050614,,3.675794576386587,4.1561078648409255,3.4739569796389467,3.7847584059317856,,4.178387498743892,4.0811199758131895,,3.135353747001344,3.55440418797923
2043,3.6816359584613103,3.8394953887863963,4.125145563082203,3.483727614210825,,2.89272141607384,3.1141588215503426,,3.2809767544564905,,3.1440378462224663,4.5007865485213205,3.139986440054617,2.7781871640559848,3.3853772889639275,,3.589442285305544,,3.4338003035890337,3.7021066810076153,3.627163141702168,3.211336207067303,3.8580137095361904,3.6038564344304382,3.6983607818285966,3.9127401806652964,,,3.2712920470559395,,,3.810857822635292,4.46504077443667,3.5425823397554552,,4.602198463496705,3.6993482521784373,3.9769869652821774,3.498915368053204,,3.713538517345768,4.230499348050248,3.747300123432756,3.9029637024449695,,4.541556977749881,4.1654603157210275,,4.02057151149069,3.600305187910869
2044,4.042107124632059,4.082432358501552,3.596315059743584,3.6106136367493815,,2.9064857375044735,2.6534590502014024,,3.7361697732443586,,2.199787518834904,4.583519918273236,3.224919090689782,2.9097423064774217,3.4306176641445814,,3.5694737528930216,,4.62841015459422,3.7987532356249822,4.071841483860751,3.3721588257011863,3.997394506505887,3.4342867208711687,3.7470818428759483,3.9148783265117957,,,3.2332834669442647,,,5.186488688090068,4.790336320440192,3.765698040314689,,4.499073014573751,2.741258264662159,4.0583263901494036,3.3282335922865203,,4.285902112668786,4.350164134587209,3.873577111572124,4.092808392683199,,4.566803794178397,5.276687178540863,,5.13560046869871,3.791903061475029
2045,3.856001004310405,4.0999900368705156,3.7015233518031194,3.4712441587176173,,3.7283608651896394,2.9923190436893887,,3.519162886159583,,4.152300800319516,4.6585481788163445,2.7913054398616524,2.9991784329660334,3.5219022020885298,,3.914726309516521,,4.258751269052983,4.007789241026017,5.1343497645539244,3.4170997902294147,4.4477870428067945,3.7875297568537336,3.9410873788282195,4.020180905097607,,,3.482185904949482,,,5.246662927856257,4.664266330911163,3.8855382670866065,,4.831232135456235,3.6938637834278,4.277876837141345,3.5584055336182563,,3.7858988156348143,4.51995058215286,3.7318749448489057,4.190560623790553,,4.542906513114468,5.179861022728804,,4.818116782345751,3.9592184573942877
2046,3.8757927060455315,4.1075480600490115,3.794572059222095,2.6170651748999814,,4.8601816361457,3.5342262036902574,,3.816117533274338,,3.9522517448392414,4.823462937396748,3.578177827330125,3.318324320910224,3.5742048559639916,,3.8877903748879024,,4.2179926076649625,3.818919455818739,4.094920105819241,3.5661123758245736,3.674747485462169,4.008243135542818,4.0941355048962516,4.220171423830425,,,3.2337905369848152,,,5.505523110750039,4.658087345299938,3.675307200429399,,4.789497617706681,3.612591010507338,4.2280021273507415,3.726077344513702,,3.771245215978606,4.494653223221073,3.5392180776820843,3.8908553118480924,,4.34934596716825,4.310179081366921,,4.235404682716417,4.018128270039354
2047,4.114043333544207,4.2327002886318965,4.537463423171879,3.6829693912735433,,3.903095793246174,3.4549105065634684,,4.408768012583299,,4.040477053209289,4.016964126253082,3.394105031325522,3.023510327655175,3.706024307432815,,3.973388544460769,,4.165097912319925,4.012635286139108,4.839078151175742,3.4236231638631702,3.9686077455364113,2.7168286960737245,4.1628848165060575,4.32077928123658,,,3.5036250734794985,,,3.912516737622964,5.442672176530877,3.9477893371032255,,4.929902696958865,3.4649641244211744,4.2125276719204185,3.760604307262478,,4.060127955940526,4.741322977724598,3.9344777744319366,4.522979569837256,,4.733386360709215,3.698883794534085,,4.219018820175426,4.006690701279767
2048,4.286950394576638,4.339962136431029,4.027603050121612,4.152115768569111,,3.4197577716644583,3.9218811691350517,,4.444401761729802,,3.5122784517760968,3.6991426766794415,3.5264178145088603,3.5716505708203616,3.679757456499833,,4.0156840419847715,,3.129138234337808,4.243678825126672,4.595468633687611,3.665684014075283,4.7531138707964775,4.7208205240301835,4.000634798063386,4.095944761950941,,,3.780298206817078,,,4.571854949407848,5.261233853807129,4.0927788341594935,,4.829047877613203,3.6695204440415083,4.382068752382785,3.6541612787176367,,3.847789463099172,4.707363128588216,3.7277815086650072,4.575704328780941,,5.122181058144601,4.534191737938168,,4.416722908504639,4.031909500147256
2049,4.063175375295275,4.277716023311931,3.8788519032311,3.495845692904445,,3.356389422512781,3.2586569099990563,,3.9651807124937077,,3.0055667921167117,4.356051728491137,3.339503345382864,3.1499244442460155,3.713036127648701,,3.9208492260022236,,4.345647409957577,4.189773251223693,3.437664080587436,3.9919894345439775,3.9985233969483054,3.2510186663643124,3.9566966929251004,4.288618410889032,,,3.6467478319360667,,,5.947428069057483,4.712918245644121,3.835646808234769,,4.535528269764569,3.8116001670035313,4.178434160748863,3.601193007319822,,4.108436190429233,4.61030145151887,3.81116167911203,4.817207784312787,,4.6162283156353325,2.9014533556944624,,4.8968580431261595,4.12053538967529
2050,4.105456294409581,4.215868238317969,4.3433077158026965,4.3447337653927836,,4.329829624418945,3.7060465709658175,,4.2635844514615675,,3.459726421178908,4.627546027761931,3.580240344009708,3.1711187071215714,3.751214839636775,,4.044922851050222,,5.0953171460276625,4.063577308865022,4.778600093185812,3.760954613308586,3.981681605391663,3.9086195806769983,4.109709093519374,4.629689190739631,,,3.4320829974666616,,,4.365611568545674,4.908400188570079,3.9131317476686345,,4.765900279308026,3.769095883770248,4.409333513650981,3.718237988904372,,4.001477832096597,4.70017437320625,4.034217801634798,4.463940985209621,,4.761137276383969,3.950567433023153,,4.3905050563848365,4.14498121100569
2051,4.2135017849259375,4.3467530279913635,5.1392172936934815,4.120989649656984,,4.043471364058378,3.9102350026046477,,4.017582497334458,,4.210666342195292,5.503861717269652,3.3552418420656154,3.4958623750140823,3.7200193133221386,,4.043306590443079,,3.993294182602673,4.23691388337517,5.0216710344161966,3.6281160764122546,4.9377565618510815,3.719999056086863,4.218263756427741,4.398892284154618,,,3.7317068521239536,,,4.049842502127368,5.07352050708829,3.856791319517919,,4.754536252138651,3.870805977428515,4.419431688973249,3.8901201813858464,,3.872928268785855,4.699190930928331,4.054251643820904,4.205729323936604,,5.552321965027752,4.984480476869226,,4.02136399094973,4.166551099015576
2052,4.428941380956707,4.281274818850344,4.19729480050268,3.2644741989977066,,3.882801373838506,3.045448918956412,,3.825703462909766,,3.1404723098896272,5.2228145099196785,3.578167428354855,3.2498807098803373,3.725389328961837,,4.076006806329038,,3.807056224167349,4.131931754282183,3.9299921838047225,3.9163170317569893,3.3439272764007235,3.686283618679023,4.005148552340493,4.2213821827106255,,,3.7528098000814296,,,5.495316189899783,5.230943535408347,4.207206277766828,,4.926051623766429,3.407093780779463,4.455148257009296,3.9842815448409636,,3.7592572327988094,4.708572074882194,3.6495516262420153,4.730187226411068,,4.581760409676836,5.161230797099963,,4.590487786315419,4.260252491100318
2053,4.236472185773225,4.3060943206531075,4.005990456208176,4.625048769993047,,4.258565253660068,3.912432903471494,,4.399786911660399,,3.9998458948190234,4.648790281705604,3.5800541543730824,3.532271632228852,3.703359655799791,,4.118800496171908,,4.586917892478309,4.298696291774508,4.880884670038565,3.5696981826115377,4.558137668269094,3.1442066385944503,4.010540908694181,4.3354619559334635,,,3.8506945067708456,,,6.493959863661681,5.282523553557338,3.8612569428432177,,4.9109977756957255,3.288872629862112,4.401011165448591,3.847665275778092,,4.124079862807045,4.816454090972849,4.132466126994272,4.2583270318903335,,3.7600333689975174,4.500263006214077,,4.979944713803092,4.266118962645526
2054,4.427426093974209,4.307834271559528,3.8226993538178977,3.6758751309607,,4.553327025305167,3.7665904820448355,,4.412196986610765,,4.393451165848013,3.7802152322655584,3.430864961956132,3.575717301317937,3.6975140199693164,,4.073959772214257,,5.141895251935787,4.558347456437859,4.630368150263699,4.0457014066692025,4.449857181647705,3.8905677546943553,4.202634294120718,4.535958841659983,,,3.9187779622464545,,,5.314741529961758,5.415981463426213,4.369384692028617,,4.775678313627395,3.675052914974232,4.593794187271848,3.827562982409457,,4.013200153472994,4.8117218032238185,4.317515850677898,4.412287602465271,,4.703482672626571,4.701758282392879,,5.216049185350832,4.309023453324495
2055,4.396274758507436,4.477487289737302,3.300715679131537,4.775887043226717,,3.7709438696890505,3.846043945721165,,4.600644151898356,,4.044669569595379,5.141873542655767,3.8086845895740935,3.470522033911509,3.848328924429315,,4.180058012181472,,4.855989828317176,4.453873561298204,3.816863386785888,3.9915596237813005,3.805417037846647,4.23428972849929,4.253001487787107,4.439259283789516,,,3.7994242210144997,,,5.380262639860847,5.1840232128816215,4.056854231862062,,5.170206853370363,3.3542684104878893,4.584371658769378,3.8911762145644664,,4.362868263273453,4.948469303447035,4.046684476262821,4.476591650117388,,5.485075579210396,4.3325407273011765,,4.955168926982871,4.238388997878512
2056,4.702603624080493,4.469509876638284,4.689082281318285,4.118130350292255,,4.215855326396267,4.348220017971904,,4.313281204872342,,4.410040850415738,5.8346099816129335,3.7224564572538967,3.550484435284225,3.880845565763194,,4.195684779104077,,5.1908062101013295,4.474667776793071,5.232648051165568,4.144748824713031,4.921197934014562,4.182573152859478,4.207338445511287,4.254625153256778,,,3.9336143405613258,,,6.219495848150707,4.9255615409374816,4.281031495944601,,5.038154471005984,3.934235527095687,4.543966834009324,4.032481624293632,,4.476902818836503,4.908071487512001,4.076597599127576,4.852306319052796,,5.78195412354593,4.267398278053356,,4.725290364168889,4.593826692669147
2057,4.550400541727763,4.616778347088443,4.3370944238542775,4.1013673192781495,,4.1648102718547815,3.738953045456831,,4.466799648319546,,3.8441894484302654,5.292208345728018,3.868202228011588,3.5634775997560513,3.8385218495032523,,4.304060297696895,,4.578853440613452,4.401867791821542,4.946817315456263,3.935900723326096,4.786099957719658,2.9585406131827288,4.480225445466964,4.698989210108225,,,3.8963440212961338,,,4.303447257583682,5.0700145792843205,4.564998785406456,,5.233070950721864,3.382044605681552,4.61618594726284,4.108306067690066,,4.622904087289636,5.144999106237581,4.289800299145924,4.666490246526586,,5.269863477601532,5.665288580157226,,4.776884386685981,4.423848670742897
2058,4.587755313242771,4.64805466876914,4.256857381991442,4.285739052931803,,3.7108823674873026,3.810852727268159,,4.49984241763954,,3.4357620924883268,4.285617748409429,3.894061395264948,3.1309745213922717,3.999908561499822,,4.367052933552462,,4.571051731792698,4.733917076276002,4.538777874989625,3.8511793764618925,3.980425319369567,4.978664246458655,4.511799575332094,4.70802862139772,,,3.8849428614014405,,,5.428212267759589,4.834238664128401,4.592168547061219,,5.035932116633226,3.740716436630688,4.732430381869543,4.172080321419794,,4.472069223525807,5.133215364294961,4.344446568741309,4.317473773932001,,5.007955647502886,5.021256588247194,,5.193827411355571,4.517907705706502
2059,4.505237323065536,4.695768609297017,4.622412391758376,4.137798663286114,,3.578423409168204,4.30849241943867,,4.651421484250882,,4.610769787200825,4.072921894904463,3.8160413688034005,4.004972902355856,4.048443425302272,,4.391416334840274,,4.622920365032352,4.940686896673916,5.396932391426868,4.123582492750563,5.078262738631662,5.468899754170059,4.511103107074269,4.494743445534818,,,4.243962500543158,,,5.569105488152007,5.6513075302297775,4.266112090547983,,5.425913175563301,4.457789372378312,4.867123923678459,4.1076536418084455,,4.122067333096897,5.121247039786092,4.297827816415143,4.634220723912478,,5.653395826747153,4.798526621168932,,5.6579196843623425,4.461595796261877
2060,4.801608398275538,4.732816984342705,4.062390921003535,4.351976741827572,,5.036774578775475,4.09700372008647,,4.407925561061243,,4.5104592764684055,4.337126126404372,3.9075694874391687,3.65713941669192,3.966328262994103,,4.379987529876389,,5.387361906260678,4.432703865711643,4.069032123853543,4.184419670596753,5.055833261189214,3.5297056791797567,4.315879735690414,4.581664561963531,,,4.19021395969144,,,5.390898179041481,5.3804441740688445,4.171947619754678,,5.320250326806544,3.6110160958117135,4.803379158540412,3.87489839353402,,4.523838395270839,4.9944612162005075,4.251014852382415,4.81862834742236,,4.706853017417596,5.033888617928889,,4.72554410468834,4.5890603540405
2061,4.947507284814911,4.763737122511957,4.175166705707422,3.33209940302976,,4.655214061994938,4.549334579922703,,4.651073046064122,,4.635467524540545,5.808134500153675,4.092976989538496,3.884513979711652,3.9293359346075687,,4.386633105212724,,4.5964370823132095,4.428543884362797,5.2081271098604764,4.152734034138225,4.851130826612564,4.246141738350762,4.3928409482129425,4.770551105603979,,,4.100707376135844,,,6.335469824839361,5.154894889056839,4.495669968561827,,4.9751213230109625,3.014529271000174,4.734956140303503,4.188559438967285,,4.781177032695358,5.030498636325161,4.084879502678093,4.931647262693875,,5.12960486425402,5.386663411375329,,5.333965685958229,4.58251112238977
2062,4.700075266856487,4.6540750740686745,5.2778555313684175,4.355196985057143,,4.305533870524847,4.1314046128189075,,4.6850587009281535,,4.495399542971274,5.572257049647344,4.162961718008822,3.4548593277725432,3.9797075844640624,,4.444604126287069,,4.956815088079472,4.864412046355788,5.648313789336259,4.316543453759173,4.292257568707701,4.341565721038736,4.4624130797357076,4.876693240945233,,,4.159657447474467,,,4.3475605335516345,5.3334246259718086,4.465250954053047,,5.380743651903753,4.001595213463045,4.728904168520455,4.368405537637839,,4.682452100586675,5.1977006687183565,4.296223012142595,4.756211269228822,,6.23791064133784,3.992395890857132,,5.509592951559572,4.458782499258256
2063,4.865821503111507,4.647725002065269,5.006067012193628,4.409998314813387,,4.4157244531035555,4.678960897996828,,4.779365433164891,,4.354265591522549,4.177251487024872,3.8093499390483028,3.9396451372128816,3.9764204788209945,,4.449491347287618,,4.991202380952693,4.717997391158709,4.65192294263224,3.943204237198398,5.080146622071154,5.237011669114434,4.534658187111337,4.62542699347281,,,4.348199977078279,,,5.681994630943597,5.132748070641948,4.431186532442709,,5.353441254944088,3.74152362754166,4.896150135799755,4.221238329484937,,4.419855546913559,5.199621162641212,4.499144947121405,4.945273485120138,,5.752616111402536,4.705577749775873,,4.777991071956425,4.538782484457723
2064,4.858347599065634,4.791391889323203,4.775217808295121,3.851012336762095,,3.515615318028068,4.325863699550972,,4.749215621900757,,3.9296915598490623,4.915174667713453,4.295194997838653,3.7547943271150497,4.055353925848317,,4.5256136024615135,,4.400257418319226,4.82663290725974,4.789849419812826,4.060394931747302,4.988225058205268,2.694206592146865,4.705456601724084,4.758466208524755,,,4.179746106036994,,,5.439391784493447,5.730507838577705,5.010333132940907,,5.393485976181341,3.9803158626140047,4.839402755121862,3.942328109210838,,4.565640906590727,5.2096583296272465,4.274068325957055,4.587190243537827,,4.832381616598547,4.988022690162445,,5.090887870865346,4.7207832436936865
2065,4.802291955239808,4.824539474235523,3.900394447996459,4.925841346756513,,4.459427913349558,4.013988060388705,,4.480411834415118,,4.056245035288642,5.6247558535998206,4.316803441234614,3.556578354763649,4.061997506346989,,4.575926170370862,,4.640618172037357,4.581257792565872,4.934721940295018,4.104701688287773,4.792344717189091,4.797332586972549,4.548943426787107,4.7465109576768345,,,4.010293783352038,,,5.745718038213742,5.640328206566769,4.568194698233617,,5.3902524551689375,3.3612940497363506,4.833705090331907,4.215628766770799,,4.371337158387107,5.350896636357244,4.175044852702642,5.08545217135927,,5.736105879200127,4.625312380442482,,5.643809093952244,4.626501102887602
2066,4.939538469966381,4.842905903688579,4.693015862892182,3.8885216873052255,,4.323266140051352,4.892389524801811,,4.8627932616538585,,5.006540317957375,5.9133592379771205,3.9453079812419447,3.9954377703300814,4.058969255802293,,4.582026497751323,,5.311562533757947,4.939086197571477,4.5235941523437715,4.366102634128488,4.281156254362056,4.518130808924863,4.474887172500225,4.715371081302696,,,4.431656482312323,,,5.511518743744364,4.889954543529524,4.556511519056986,,5.61850205808989,4.308524584711947,5.083591310373124,4.555967461519875,,4.609534745115196,5.221133492774225,4.612584175577304,4.815198208006608,,6.1770348975529314,5.5855458614687405,,5.255068268729356,4.8130134429407665
2067,5.039486875841094,4.849435071641291,3.9800278245506737,4.606098097167072,,4.729360252049979,3.8103345485535236,,4.783487116908722,,5.075457391177067,4.989431922167881,4.2650969136114965,4.117751309741987,4.122073610948757,,4.629822335500903,,5.021313964172853,4.936235900504865,4.787215069973718,4.159874871694024,5.178352529282085,5.050035250145363,4.648688573559346,5.116579121587466,,,4.429897008519832,,,6.028066837771478,5.016385175659124,4.653965277673381,,5.4145553626293,3.692731429297619,5.192397721117496,4.450415382045881,,4.647580797398685,5.175441147071153,4.680751479370425,4.627824137229432,,5.542902645583915,6.189206372856175,,5.616317417945575,4.855678991822209
2068,5.070441536472389,5.034761140467142,4.143251141478896,4.4455665429687965,,4.859753363022161,4.56215693767766,,4.97098411269702,,4.8099807244831,4.782560060836562,4.532528996910483,4.237565465252409,4.1852852477805085,,4.809407015893896,,4.092710918235158,5.099964143730819,5.2121349600725795,4.192788106152127,5.008694488749264,4.131068674221096,4.9538753469108014,5.02881741516832,,,4.202926121821339,,,5.480214021430639,5.397903043655982,4.891807524810012,,5.330983992924673,4.228719491531103,4.966135021304181,4.3958934728556365,,4.480570508078962,5.291908570639981,4.9070016157469025,5.2316544995270675,,4.678513715754277,7.529577066708894,,4.9254543665846136,4.817870025506222
2069,5.19035787194125,4.8754513583132235,5.279970569228126,3.503595090914476,,4.887603982771092,4.71301737069216,,5.321673753901253,,4.264772303785543,5.49737587755749,4.0299977981066055,4.221861772648468,4.073164995557038,,4.695390683920579,,5.95475920166813,4.843905886278595,4.5563736609742955,4.4348504079288125,5.9591911740689,3.962867798633531,4.806522089318911,4.730765784068838,,,4.346187363215135,,,6.236710498825307,5.36605060059058,4.842770529451954,,5.412420610583705,3.542059743995667,4.966379497113397,4.372529211763937,,4.999327323115965,5.428522565815201,4.75014648932168,4.727991430167119,,5.0873040913739045,5.536925310293096,,5.895459730249586,4.9395885847314345
2070,5.242396527870968,5.048193127959209,5.034145534293967,4.753215527746988,,4.51792766760105,4.5091249796682105,,5.609353254178167,,3.3391088397668454,6.0331723543106826,4.260567987211666,3.995235326999852,4.227128706616245,,4.785997327162579,,5.1484075755716585,5.090470702652268,5.251000973131948,4.315798889722508,4.784441706091132,4.485813471422809,4.54714818554538,4.932001709051516,,,4.4481782208776774,,,5.223179856871466,5.793687397007468,5.049029805220322,,5.8670582462907905,4.11254908638459,5.19278593561897,4.443745268558776,,4.61031289963732,5.505094883324671,4.965950911655108,4.925935352146465,,5.243817666335443,4.906481338842458,,5.867493466672866,4.950233402147397
2071,4.901625627584468,5.000120961300209,4.874393532392778,4.327759761630668,,4.901238547365993,4.496523773700209,,4.904488405014986,,4.544334634245572,5.549803247923085,4.3875068863776585,3.871835004047992,4.208147941629331,,4.8330983420287,,4.177892105077976,4.717382027504188,5.50496591052304,4.355397271406746,5.342857855896551,4.971698408470847,4.6000733542428085,5.045018365544925,,,4.434829573393226,,,6.1260631640755845,6.0036484012023195,4.850540893568704,,5.67247747381339,3.3301415455140235,5.35764386134533,4.531657519783982,,4.863527556239893,5.482075861430024,4.815780875640556,5.052783256282395,,5.572506839195881,5.855146007579647,,5.555384182079368,4.75918350303592
2072,5.017021506129499,5.020900381070095,3.532177444304719,4.4513576940640585,,4.396737308470498,4.96340822878421,,4.664382345178705,,5.709392001606236,5.251343149664164,4.418318549422258,4.38901450155258,4.1599704283027705,,4.788983111390103,,6.338451768618843,5.084564646679073,4.691697971826564,4.442490119549607,4.8282475745720586,4.8419447886580524,4.863757064328411,5.064768165963221,,,4.5063552120803845,,,5.777619459882133,6.0943150683905065,4.794712633539245,,5.764739080462836,4.011868508980301,5.132717960090627,4.439751301144541,,4.803829527150286,5.360141245003446,4.279429959031511,5.116146116080933,,6.370477171254933,6.126670421023657,,5.4824026784423205,4.9482860469338705
2073,5.0097931634423505,5.012551814109779,5.386626749583342,3.94560112832921,,3.4088403486942918,5.066566336736693,,5.257360919604422,,5.463787583882155,4.644549516202332,4.242749236670922,4.462747853819484,4.168855479293395,,4.710775333383267,,5.053742628090936,5.120192519440147,4.9057960361610125,4.4872856095097795,4.703274885858213,4.411554855513731,4.842984296173705,5.009642840307549,,,4.271170131679462,,,5.4270627715796955,5.468688979552822,4.3905909033006045,,5.991888275639977,4.127447079591452,4.970181405576351,4.415996815304988,,4.717835049812112,5.427576858825763,4.702739932556751,4.890512362578293,,5.654349584153831,5.3862077150921035,,5.858339691925205,4.8663734024908685
2074,5.150290020690344,4.946693286985246,5.56243477996432,4.348453740307755,,4.001399552509465,5.018989164861618,,5.075081280929611,,4.633682340186583,5.519377956186316,4.247246397732479,3.7322278249918,4.119824679245232,,4.702037973274627,,5.186212202856185,4.64089207507072,5.844434968483447,4.478597979557186,4.999428627788879,5.09806552171083,4.660119804581252,5.181141079692367,,,4.400876250534035,,,6.666182103364926,5.614893541175616,4.900951853655613,,5.431356580956605,3.0061519708894204,5.032400250647832,4.587077577726281,,4.435702456394649,5.550196585734567,4.580062685781028,4.826963176930715,,5.599009539335387,5.453797350247532,,5.788057900150549,4.817477050395215
2075,5.315224792621916,5.182495563069309,4.888712749874326,4.5078688251131815,,4.999652734811148,4.76445731859446,,5.195674435031368,,4.2400855755328335,5.9974123416196905,4.378072422244375,4.474472295548255,4.210477686303447,,4.913413227185032,,5.551599970553322,5.147015414373238,4.866124941318726,4.385958495391131,5.5486601894380865,4.787032013521063,4.730620244273203,5.1458158497777715,,,4.452847420875211,,,5.765105130738868,5.801773880927997,5.110375958855012,,5.9121646556855945,3.917302899725209,5.439302331100993,4.597778175712165,,4.283243007458475,5.536762467421627,4.704230511488943,5.118439432457816,,4.842826942677648,5.088283495656307,,5.216527310938319,4.965844716586681
2076,4.900994989413158,5.031573713608024,3.817332226995093,3.844678124861149,,4.772030918618442,5.048634969881241,,5.375327982398845,,4.028035473516601,5.588375168692826,4.332074445327059,4.577474780365888,4.29772572131539,,4.91075306394031,,5.991030848959857,5.139345095263263,4.858565759060889,4.329827305894693,5.0862869712766186,5.054700822989639,4.83118158726999,5.201012890127772,,,4.374621026911642,,,6.415817834210419,6.124397746832424,4.429916929012215,,6.042296610758111,4.214334639055039,5.386002639298187,4.432675097229271,,4.452897088308359,5.418983726408928,4.547912099844683,5.094203350881161,,5.513704423308728,5.728924672193633,,5.6688880280147735,4.856754187205664
2077,5.040054429138072,5.153148432937727,4.960689108383564,3.928283221921569,,5.2422214066324795,4.909127951557007,,5.266388263493577,,4.5267413216092445,5.188937390453025,4.5934379819864,4.185926198165449,4.236044570471014,,4.878608320320413,,5.310762946116714,5.053399202831293,5.40947184891015,4.472722971394086,5.207139233903844,4.075075609745416,4.948748373831982,5.248008399972617,,,4.3597478755280905,,,5.364949791016876,6.032565062177737,4.837886988455953,,5.948146122885987,4.391978199194774,5.2387836968015336,4.663285210681333,,4.616068758949291,5.580774551570158,4.629116271351206,4.648458217777062,,5.521101133608326,5.78832813469362,,6.285875977689242,4.975812823946867
2078,5.001345945717856,5.159676966493867,4.9764315775427885,4.347954701292634,,3.713799637822259,4.89602171730603,,5.4379660535881715,,5.356144280975982,5.3812574050704685,4.537097673012812,3.9939715633933215,4.20257288436651,,4.909058050538857,,4.2105080610172365,5.348717742988889,4.598115247577066,4.389631695502847,3.8156537222319376,4.502002639822303,5.027119041032595,5.267846127263461,,,4.540608579908357,,,6.687429595373414,5.789089395884424,5.0026547595771484,,5.610709478041377,3.5726198453547995,5.24900432229802,4.643049417015685,,4.64635247219602,5.617020171968216,4.768597736476101,4.775393493559999,,6.364007099797206,6.015044416785109,,5.669314010101564,5.001972072009228
2079,5.357859660685719,5.226582148243958,3.953702574365602,3.863937895723976,,3.876603908876162,5.156565196066862,,5.608208613812186,,4.857301416447738,6.271223304460393,4.477191844937427,4.391074564810042,4.250454329945129,,5.0036365993423395,,5.9743388913676165,5.491517451665625,4.438452037899303,4.444037556565553,5.062570501502631,5.018554242849604,4.847137238678577,5.282167065180346,,,4.438403778021216,,,6.72422565433063,5.990704358706005,4.755991918136724,,5.68208051777171,3.9407919751783216,5.427222558308507,4.682198333790647,,4.866175270274855,5.718606259868802,4.718595567427491,5.390170263112116,,5.515010159920799,6.019606720579652,,5.5610784750000875,5.113905963041569
2080,5.42739749021618,5.249015439483094,5.937104996912451,4.735392909425582,,5.019285033101152,5.296531389252908,,5.406537705494211,,3.611739353248869,4.895921860807501,4.424389765786632,4.249829215759096,4.318837263597209,,5.0722884735800084,,6.3076424377904035,5.178599261975611,6.596166562627982,4.240858458272495,4.57310702652093,4.43411573210247,4.878517915822977,5.28349072241969,,,4.423355607180662,,,6.368083701511928,5.6499352276810715,4.954027400500363,,5.934190922107652,3.8514529273663607,5.522135626476869,4.540663859596708,,4.820622126054166,5.735442051888808,4.7879771849678425,4.803230519078763,,6.885860735420098,5.316524018949315,,4.992933734304929,5.009927502397248
2081,5.247288247277455,5.267044651024845,5.1314604286588175,4.3740246400365725,,5.1695279546048605,5.231736904273698,,5.697207796099069,,4.386989046254802,5.041503261422769,4.543674861574238,4.471532168207829,4.314053056257667,,4.950623385640921,,5.402014433279168,5.07185649318809,5.819853330490957,4.702833537605205,5.7950728992742775,5.71773022287948,4.9497483054008695,5.455785575260496,,,4.707140179080975,,,6.456514872101519,6.0339861633166185,4.9533650093409625,,6.071047996739108,4.140141047270872,5.153703997504319,4.635600191423369,,4.58512772872652,5.6778848454017234,4.8203653524033925,4.954743943730429,,7.539676969004744,5.7752435627144925,,5.917248439988383,5.136939991604663
2082,5.369197837543219,5.316742337224322,5.411129776708049,4.544669532201116,,4.995066272919204,5.139855408236767,,5.504310695863146,,4.344611157958716,6.010858903805887,4.7935626503708635,4.264487883719633,4.364821712185826,,5.112683242862438,,5.549652668414161,5.409573428851342,4.765036456295408,4.553969958018914,5.069138326407389,5.456480782488893,5.060222124898216,5.248653384516802,,,4.737881060821597,,,5.417186282996597,6.161779126614528,5.88331741894596,,5.86651662160834,4.191563463048272,5.4252415173077715,4.836802629519753,,4.652730512425472,5.715470251369312,4.556804420766584,4.91550742939427,,5.837076703745869,5.438996815535688,,6.6445896485851375,5.134493531849449
2083,5.284804489043887,5.1915074362204034,4.8604165594276845,4.657115454619473,,3.9516866590272324,4.825375002720393,,5.338947628936373,,4.552428654376547,6.360301782304751,4.702022929174903,4.725521325363322,4.400581046010147,,4.967897936122655,,6.006434556127193,5.570280663001344,5.593722239660771,4.422212402788386,5.4417333268775145,3.762625957737351,4.953268902271429,5.312748655795277,,,4.588534953355532,,,6.38446060291435,6.144056269918872,5.685647773253818,,6.088620427338392,3.4145833546126285,5.531815964653525,4.8502381618118475,,4.933108898959963,5.65429476197836,4.800485702066908,4.879559036844527,,5.568304730139077,5.748239650996545,,5.325026317242175,5.100471619228688
2084,5.38018136273583,5.395648188008488,4.33241260386556,4.494408871419283,,4.161326741843383,5.954548285020073,,5.348033784321215,,5.4428942067436195,6.124584694448027,4.663245225360065,4.2564138467899415,4.3323016479444885,,5.030933587282581,,6.107293446662566,5.1035603129054286,5.478949504082745,4.79703338444258,5.835009729015826,5.37989649098141,4.996484683503508,5.429873200528258,,,4.478347370474333,,,5.735911352155112,6.1304583607931065,5.142820409966145,,6.041562682561232,4.378792649955484,5.477843917763339,4.7191395982136015,,4.8430811983062965,5.6578973550813725,4.827599781986693,4.755335765472733,,7.154026749919624,5.083371939697673,,5.79041950719146,5.1399939737446365
2085,5.270193691666872,5.271744650410243,4.995097010790708,5.0356603840877305,,5.916294719505638,5.211645044774481,,5.368318256453086,,5.2980977269178915,6.124035198861346,4.537709359894578,4.401780644977514,4.289507632035282,,5.14074481915791,,5.865590984225769,5.251081834653258,4.843473542955677,4.578013266096256,4.776138738872771,5.364376405236797,5.065560527243692,5.463723934209004,,,4.709037358808665,,,5.3180553836127045,6.555640208587777,4.430810085924731,,5.832117135024626,3.957519088542317,5.410201466640516,4.510348337838629,,4.9666712061987806,5.704336201878092,4.696498909208772,4.783740568703769,,6.825703787817949,6.157754474063463,,6.116588829625312,4.988448016757811
2086,5.5419140076658255,5.218269135666811,4.43711980535042,4.608977292539469,,5.777848758907528,5.507772581410966,,5.44509096143342,,5.426692478377851,6.3880025501539945,4.7571723607850664,4.369605157102384,4.3118694202678896,,5.156314461051572,,4.9762660063551625,5.4312078227182745,4.899753845843079,4.576303774019813,5.4008492003138056,3.1350204716887675,4.938886671645638,5.268448370639672,,,4.713398390554117,,,6.744875846721894,5.783320753073349,4.938606175649147,,6.032539847517693,3.729992343741664,5.4245458222827265,4.836830064020765,,4.7525902303807435,5.767910688356636,5.018672221461048,5.3490121341515575,,6.106821753559754,5.3299516462205885,,6.353208911053129,5.1178355447747395
2087,5.263503530352194,5.248079987420195,4.124289886127241,5.257914314303962,,4.325940274880422,4.930689113487879,,5.803963154403744,,5.551391377046648,5.457772093387391,4.698473049605909,4.441652492219674,4.370318753157018,,4.992327721296992,,6.040064862443063,5.570898513644828,5.052829461002366,4.487237501362006,6.500878727055229,5.750553341305414,5.01376796506224,5.46441547996798,,,4.7026267259719585,,,6.566530792645742,6.279037775191318,4.795370030980437,,6.154781628615777,4.547034446886965,5.448423260405654,4.9263350342359,,4.470678257409343,5.9256066949544115,5.036008476598538,5.153379880177667,,6.69626023722488,5.876966779495626,,5.242087517013724,5.26957851738053
2088,5.203215062166679,5.386955265751351,5.607415208887055,4.10315096523143,,3.937278804457559,5.776668029553609,,5.4393243851356186,,5.611908163132926,4.824057999754179,4.788562697534653,4.5496581776920735,4.305210176312786,,4.989641146819098,,5.535296871758156,5.16891448337948,5.490436574846998,4.769332748950431,4.321723598213786,5.407078384015655,5.017292022957567,5.293658478921851,,,4.598181190215628,,,6.480792478541764,6.0692558465010285,4.863338079549005,,6.003014155112837,4.491830272876166,5.402572557759225,4.902426262137985,,4.705495668235859,5.818005369492258,4.985129010378945,5.045249627551495,,6.322504765327673,6.816318104601841,,5.934504181881992,5.237406659681852
2089,5.336773323908365,5.321268133141417,5.074950687788222,4.966138104544653,,4.0255635397007214,5.5508606942698355,,5.921765893814522,,5.527277292815106,6.0850301021299735,4.954295862281415,4.923758570624581,4.374803495222028,,5.278376661784237,,5.644658943731122,5.002613136114327,5.050783486301623,4.546754220853834,5.0154588930642365,4.715828892745184,5.034011080655371,5.207382710543143,,,4.780406007778857,,,5.453838335953362,6.149990581744591,5.172955580415094,,5.938393967269899,3.5748408555520075,5.433997823294295,4.608150596439406,,4.800393255620696,5.780925197676146,5.080751352317089,4.954467448957866,,6.126220056709186,4.975228217031301,,5.371558802161876,5.195992570805935
2090,5.515890675948839,5.276547627682104,4.454265386923533,4.4005589214273355,,4.672190023011172,5.624281488282018,,5.678297264994169,,3.7899785264325567,5.635776087536902,4.613143380119105,4.799238286398566,4.395593974974265,,5.252570243370249,,5.335856545205271,5.677177616476806,6.121140857028098,4.453426390368993,5.319500718940118,4.803945198254553,5.104276018745684,5.593438666224267,,,4.47680367887066,,,6.567811147977202,5.9036178015973935,4.623016262640985,,6.058986699608335,3.753918502953466,5.519661892424467,4.830516233077061,,4.932653315803728,5.710525874089665,4.7854618523688455,5.37734306912164,,6.990416467377148,5.856317018701157,,5.404816035147533,5.164598662600048
2091,5.2723668639868055,5.3832461978875985,5.510892094708392,4.767945880910784,,5.971477157631995,5.822419808189816,,6.285441326512492,,5.148266044274209,6.70974907273138,4.954667365976857,4.134792395675847,4.402914481231777,,5.1907809795551865,,5.206586962374256,5.471275373436855,5.13814276987508,4.551274370541577,4.991025350681284,5.774278249130478,5.175289282378014,5.549804188432614,,,4.808587522884016,,,7.228081712944156,6.024183438865111,4.961643247889089,,6.238587940751378,4.773501990588578,5.647732778257154,4.998549252975098,,4.854379680134056,5.775180871170447,5.2227282330573175,4.942931875467246,,5.513043440928272,6.733433393644346,,6.506393360680788,5.3456292015097855
2092,5.353462230812373,5.473923241351063,5.3187954804962905,4.6707009560567245,,5.294704162331508,5.529113757711616,,5.908815266019167,,5.332496480946307,6.403073114995393,4.73577098981715,4.553137253235862,4.437932848449599,,5.274021408364127,,5.629661925256975,5.396082917233546,5.858668736745434,4.713535034692237,4.62375107466701,5.026846438797743,5.263841047664412,5.444594771887559,,,4.936851738279016,,,6.374420725562378,6.403186327214911,5.403626146435354,,5.86289254587193,3.710474100906693,5.631615729351513,5.09143750576352,,5.23410965445783,5.852355441382545,5.012428234321982,4.97331410997613,,5.997991524195464,6.472158837201716,,6.553477398410919,5.396971598098357
2093,5.470834654497014,5.398544942130913,4.824391530523211,4.840758897523639,,3.058017991456754,5.685189000469414,,5.709696208725641,,5.807260294303883,5.399947474294486,5.00651923393896,4.633871552611566,4.491359183828412,,5.305879969924303,,5.589475451228724,5.572175406407766,5.483094566716341,4.730933892534212,5.817871134920215,4.878989625859423,5.2102276030250145,5.525532355957026,,,4.6643990461122495,,,6.309905385230489,6.2288703523698015,5.647284838305894,,6.117352087364264,4.338439272804968,5.74246994964581,4.885421754390951,,4.847693353906903,5.810754475623429,4.8238490619388354,5.269051954129246,,6.503814767455945,6.253143168188217,,5.4366124885784695,5.289185466930338
2094,5.288686293207704,5.379767101095171,4.839918108811015,4.7754717588540165,,4.009953498817275,5.741695705176053,,5.80523966230338,,5.421283625264811,5.5820569176662564,4.924547344607907,4.741989560833226,4.419656097515128,,5.214730466058031,,5.245737545245776,5.764477198963728,5.210469179796961,4.891382163635809,6.1431541840956205,5.823895086677423,5.008621581537221,5.527312733272,,,4.613032267482172,,,5.2943169887019215,6.167451473414029,5.154633132699731,,6.04073511292221,3.6751209658655513,5.618230758876983,4.809764208500916,,4.496887887760483,5.9432706004466445,4.940772318171522,5.111662331837916,,6.433963964764934,7.464722055429208,,6.253676777979687,5.351776684996498
2095,5.335608173900966,5.355069337029052,5.323680235709737,4.146034550930699,,5.662801671886443,5.636249449430653,,6.022864031155944,,5.4284620549934015,5.996439316811234,5.001635818918572,4.2840603354004685,4.395276050819089,,5.217034893765045,,4.2858317816085565,5.547471514743349,4.854883688510934,4.906886999744219,5.361737107390704,4.3118491055876165,5.093331686422714,5.5998238311909185,,,4.757116846668076,,,6.795854277064673,5.855944220653577,5.039282188155597,,5.900707708161659,3.976969385863408,5.493673200816021,4.979029470482384,,5.055745715769073,5.906937981430269,5.195852982138793,5.4258206024006554,,5.463795851167867,5.993450558958422,,5.711421682225118,5.249884161202311
2096,5.391291160923881,5.412931684038296,4.578988186332376,4.957039283727177,,5.514138867745935,5.514122551752554,,5.5321286948711235,,5.22815756707551,6.4145922251741885,4.843420780699368,4.8437435603127375,4.388247516187547,,5.19789342472019,,6.167108982576339,5.465613248825808,5.362766553279792,4.936081404238813,5.059521852588143,5.445241527341123,5.209498545038441,5.39232876829095,,,4.720574873619417,,,6.677791733511971,6.470019995764356,5.2121362649980645,,6.080794630811888,3.8634471411624287,5.454865197528486,4.916366667131104,,4.820005252352267,5.823951591253425,5.357215167576322,5.522166897207672,,6.25608996295773,4.916274925807251,,5.784887575920704,5.29196209381984
2097,5.336722962322611,5.324987661479107,5.0515546922624015,4.59785923867953,,4.187921834293967,5.499761214608658,,5.7708850744025275,,4.853486733328069,5.8739820513840195,4.844581420936382,4.6002832979475725,4.323828275002697,,5.19863270198733,,6.2168824855259786,5.473805262346634,4.81663369379599,4.679169731684826,5.175974016235466,4.985314665328649,5.135871124033139,5.43350157743416,,,4.723079956833403,,,6.643152998375854,6.2976950427010205,4.861104188277043,,6.024866089256653,4.288151940887269,5.682550460926132,4.958480927440817,,4.964016049628382,5.74966282914821,5.20953803300574,5.230580832123948,,6.622245990423938,6.6241208651585595,,5.601335272705628,5.272795430774742
2098,5.322312158303369,5.372744872260415,4.9299228371575365,4.897372140821148,,5.0324235945383915,5.80603045389639,,5.738768033375814,,5.747682028442731,5.259612883849768,4.709018522264117,4.43668831341042,4.402165466980508,,5.253940622593524,,5.7838227710920105,5.457132674255638,5.659492201416443,4.561966149444073,5.192493963668623,4.196065913793404,5.049494731701339,5.679240927829004,,,5.014541646647316,,,5.871243173963994,6.577655695035879,5.081378249642611,,6.239295682572689,3.415411669876298,5.650339166514393,5.006912659840735,,4.4778116207707495,5.90354473989763,4.963313961095183,5.121875496802813,,7.147455859650241,6.829199892283195,,5.443818476662559,5.2530286338725745
2099,5.358982916642354,5.327291921759366,6.030523688182014,4.4681106987521915,,3.497216111630734,5.908960680619693,,6.0301189098415735,,4.948389335709522,5.8186903672265755,5.022036482996905,4.4723859105758965,4.286867908039508,,5.311181814492006,,5.5664337949743725,5.45791502178023,5.9265243943693315,4.6697370368380575,5.423185475198944,6.5083430615136875,5.135048542936049,5.459937010449777,,,4.732360793942181,,,6.246565434167881,6.399353440536691,5.0606872473945375,,5.983234503337255,3.8957183670295614,5.48258180597252,4.624415781137981,,4.898626870477369,5.959753649543211,5.03943502437425,5.050537308024964,,6.210010780343985,5.214085749452936,,6.2548967492255985,5.240450006748555
2100,5.376683514266968,5.39010187851555,5.852146033776772,4.943922396659922,,,5.777796937752217,,6.022578070293892,,4.913699438664565,6.130412863183095,4.808602847202493,4.421022216098675,4.37114699513862,,5.231875174250697,,5.283485496147321,5.3833219343745995,4.8167651441619785,4.713570642316235,6.250067199330759,5.204439137795052,5.039451361016804,5.391859352596106,,,4.531138443225393,,,,6.286349974787928,5.053360475509762,,6.086436495769718,4.434241016416099,5.533072492373245,4.870320880535825,,5.049365561445771,5.96874664542766,5.322236013189209,4.94748102661339,,5.893691222886041,5.573201976215451,,6.019818297476827,5.295008707230956
